run_dir,model,split,ckpt_name,checkpoint,tile,overlap,infer,samples,metrics,completeness,ds_protocol,psnr_mean,psnr_std,ssim_mean,ssim_std,q2n_mean,q2n_std,sam_deg_mean,sam_deg_std,ergas_mean,ergas_std,d_lambda_mean,d_lambda_std,d_s_mean,d_s_std,qnr_mean,qnr_std,source_json
compare_wv3_fm_official/fusion_mamba_420/test,fusion_mamba,test,420.ckpt,/home/zhy/PROJECT/RefRWKV/experiments/train/refsr/fusion_mamba/pancollection_wv3/x4/fusion_mamba_pancollection_wv3_official/checkpoints/420.ckpt,1024,0,full image (tile=1024 is a no-op on 64×64 LR / 256 PAN),20,"psnr,q2n,sam_rad,sam_deg,ergas",full RR,n/a,39.34342957,2.818302761,,,0.9191638347,0.08137988728,2.816299248,0.5229164983,2.079466128,0.4580091972,,,,,,,/home/zhy/PROJECT/RefRWKV/experiments/test/refsr/compare_wv3_fm_official/fusion_mamba_420/test/metrics.json
compare_wv3_fm_official/fusion_mamba_420/test_hard,fusion_mamba,test_hard,420.ckpt,/home/zhy/PROJECT/RefRWKV/experiments/train/refsr/fusion_mamba/pancollection_wv3/x4/fusion_mamba_pancollection_wv3_official/checkpoints/420.ckpt,64,0,official FR cut: LR tile=64 overlap=0 (PAN 256),20,"d_lambda,d_s,qnr",full FR,toolbox MATLAB imresize (paper-matching),,,,,,,,,,,0.01656021067,0.005664260296,0.02703275628,0.005876638719,0.9568835157,0.01095189619,/home/zhy/PROJECT/RefRWKV/experiments/test/refsr/compare_wv3_fm_official/fusion_mamba_420/test_hard/metrics.json
compare_wv3_fm_official/fusion_mamba_last/test,fusion_mamba,test,last.ckpt,/home/zhy/PROJECT/RefRWKV/experiments/train/refsr/fusion_mamba/pancollection_wv3/x4/fusion_mamba_pancollection_wv3_official/checkpoints/last.ckpt,1024,0,full image (tile=1024 is a no-op on 64×64 LR / 256 PAN),20,"psnr,q2n,sam_rad,sam_deg,ergas",full RR,n/a,39.28912678,2.816561879,,,0.9182348562,0.08166713551,2.827727759,0.5220678915,2.090975213,0.4554221692,,,,,,,/home/zhy/PROJECT/RefRWKV/experiments/test/refsr/compare_wv3_fm_official/fusion_mamba_last/test/metrics.json
compare_wv3_fm_official/fusion_mamba_last/test_hard,fusion_mamba,test_hard,last.ckpt,/home/zhy/PROJECT/RefRWKV/experiments/train/refsr/fusion_mamba/pancollection_wv3/x4/fusion_mamba_pancollection_wv3_official/checkpoints/last.ckpt,64,0,official FR cut: LR tile=64 overlap=0 (PAN 256),20,"d_lambda,d_s,qnr",full FR,toolbox MATLAB imresize (paper-matching),,,,,,,,,,,0.01888480259,0.004804536564,0.03387795604,0.003183846552,0.9478883215,0.007327739011,/home/zhy/PROJECT/RefRWKV/experiments/test/refsr/compare_wv3_fm_official/fusion_mamba_last/test_hard/metrics.json
compare_wv3_fullimage/fusion_mamba/test,fusion_mamba,test,last.ckpt,/home/zhy/PROJECT/RefRWKV/experiments/train/refsr/fusion_mamba/pancollection_wv3/x4/fusion_mamba_pancollection_wv3_official/checkpoints/last.ckpt,1024,0,full image (tile=1024 is a no-op on 64×64 LR / 256 PAN),20,"psnr,q2n,sam_rad,sam_deg,ergas",full RR,n/a,39.28912678,2.816561879,,,0.9182348562,0.08166713551,2.827727759,0.5220679323,2.090975225,0.455422157,,,,,,,/home/zhy/PROJECT/RefRWKV/experiments/test/refsr/compare_wv3_fullimage/fusion_mamba/test/metrics.json
compare_wv3_fullimage/fusion_mamba/test_hard,fusion_mamba,test_hard,last.ckpt,/home/zhy/PROJECT/RefRWKV/experiments/train/refsr/fusion_mamba/pancollection_wv3/x4/fusion_mamba_pancollection_wv3_official/checkpoints/last.ckpt,1024,0,"attempted full image on OrigScale (tile=1024, overlap=0)",20,"d_lambda,d_s,qnr",full FR,torch bicubic Ds (NOT paper protocol; Ds inflated),,,,,,,,,,,0.01855335024,0.004894369483,0.06638759279,0.03260613975,0.9163965555,0.0350386966,/home/zhy/PROJECT/RefRWKV/experiments/test/refsr/compare_wv3_fullimage/fusion_mamba/test_hard/metrics.json
compare_wv3_fullimage/fusion_mamba_420/test,fusion_mamba,test,420.ckpt,/home/zhy/PROJECT/RefRWKV/weights/fusion_mamba/420.ckpt,1024,0,full image (tile=1024 is a no-op on 64×64 LR / 256 PAN),20,"psnr,q2n,sam_rad,sam_deg,ergas",full RR,n/a,39.34342957,2.818302761,,,0.9191638347,0.08137988728,2.816299248,0.5229164983,2.079466128,0.4580091972,,,,,,,/home/zhy/PROJECT/RefRWKV/experiments/test/refsr/compare_wv3_fullimage/fusion_mamba_420/test/metrics.json
compare_wv3_fullimage/fusion_mamba_420/test_hard,fusion_mamba,test_hard,420.ckpt,/home/zhy/PROJECT/RefRWKV/experiments/train/refsr/fusion_mamba/pancollection_wv3/x4/fusion_mamba_pancollection_wv3_official/checkpoints/420.ckpt,64,0,official FR cut: LR tile=64 overlap=0 (PAN 256),20,"d_lambda,d_s,qnr",full FR,torch bicubic Ds (NOT paper protocol; Ds inflated),,,,,,,,,,,0.01656021067,0.005664260296,0.07403410407,0.03528011121,0.9107827118,0.03856593689,/home/zhy/PROJECT/RefRWKV/experiments/test/refsr/compare_wv3_fullimage/fusion_mamba_420/test_hard/metrics.json
compare_wv3_fullimage/fusion_mamba_420_qnr_toolbox/test_hard,fusion_mamba,test_hard,420.ckpt,/home/zhy/PROJECT/RefRWKV/experiments/train/refsr/fusion_mamba/pancollection_wv3/x4/fusion_mamba_pancollection_wv3_official/checkpoints/420.ckpt,64,0,official FR cut: LR tile=64 overlap=0 (PAN 256),20,"d_lambda,d_s,qnr",full FR,toolbox MATLAB imresize (paper-matching),,,,,,,,,,,0.01656021067,0.005664260296,0.02703275628,0.005876638719,0.9568835157,0.01095189619,/home/zhy/PROJECT/RefRWKV/experiments/test/refsr/compare_wv3_fullimage/fusion_mamba_420_qnr_toolbox/test_hard/metrics.json
compare_wv3_official/fusion_mamba/test,fusion_mamba,test,last.ckpt,/home/zhy/PROJECT/RefRWKV/experiments/train/refsr/fusion_mamba/pancollection_wv3/x4/fusion_mamba_pancollection_wv3_official/checkpoints/last.ckpt,16,8,"RDM-style tiles: LR tile=16 overlap=8 (PAN 64, 49 tiles on 256)",20,"psnr,q2n,sam_rad,sam_deg,ergas",full RR,n/a,39.33989944,2.850653524,,,0.9188158021,0.08156268514,2.793575001,0.5198239628,2.072718,0.4412603044,,,,,,,/home/zhy/PROJECT/RefRWKV/experiments/test/refsr/compare_wv3_official/fusion_mamba/test/metrics.json
compare_wv3_official/fusion_mamba/test_hard,fusion_mamba,test_hard,last.ckpt,/home/zhy/PROJECT/RefRWKV/experiments/train/refsr/fusion_mamba/pancollection_wv3/x4/fusion_mamba_pancollection_wv3_official/checkpoints/last.ckpt,16,8,"RDM-style tiles: LR tile=16 overlap=8 (PAN 64, 49 tiles on 256)",20,"d_lambda,d_s,qnr",full FR,torch bicubic Ds (NOT paper protocol; Ds inflated),,,,,,,,,,,0.01936875567,0.004696073383,0.0654025456,0.03100868294,0.916588327,0.03324385247,/home/zhy/PROJECT/RefRWKV/experiments/test/refsr/compare_wv3_official/fusion_mamba/test_hard/metrics.json
compare_wv3_pan/fusion_mamba/test,fusion_mamba,test,last.ckpt,/home/zhy/PROJECT/RefRWKV/experiments/train/refsr/fusion_mamba/pancollection_wv3/x4/fusion_mamba_pancollection_wv3_official/checkpoints/last.ckpt,1024,0,full image (tile=1024 is a no-op on 64×64 LR / 256 PAN),20,"psnr,q2n,sam_rad,sam_deg,ergas",full RR,n/a,39.28912678,2.816561879,,,0.9182348562,0.08166713551,2.827727759,0.5220678915,2.090975213,0.4554221692,,,,,,,/home/zhy/PROJECT/RefRWKV/experiments/test/refsr/compare_wv3_pan/fusion_mamba/test/metrics.json
compare_wv3_pan/fusion_mamba/test_hard,fusion_mamba,test_hard,last.ckpt,/home/zhy/PROJECT/RefRWKV/experiments/train/refsr/fusion_mamba/pancollection_wv3/x4/fusion_mamba_pancollection_wv3_official/checkpoints/last.ckpt,64,0,official FR cut: LR tile=64 overlap=0 (PAN 256),20,"d_lambda,d_s,qnr",full FR,toolbox MATLAB imresize (paper-matching),,,,,,,,,,,0.01888480259,0.004804536564,0.03387795604,0.003183846552,0.9478883215,0.007327739011,/home/zhy/PROJECT/RefRWKV/experiments/test/refsr/compare_wv3_pan/fusion_mamba/test_hard/metrics.json
compare_wv3_tile64_nooverlap/fusion_mamba_420/test,fusion_mamba,test,420.ckpt,/home/zhy/PROJECT/RefRWKV/experiments/train/refsr/fusion_mamba/pancollection_wv3/x4/fusion_mamba_pancollection_wv3_official/checkpoints/420.ckpt,16,0,no-overlap tiles: LR tile=16 overlap=0 (PAN 64),20,"psnr,q2n,sam_rad,sam_deg,ergas",full RR,n/a,39.01708546,2.880417294,,,0.9161880239,0.08239440718,2.857468516,0.5379344077,2.159118372,0.4643168508,,,,,,,/home/zhy/PROJECT/RefRWKV/experiments/test/refsr/compare_wv3_tile64_nooverlap/fusion_mamba_420/test/metrics.json
compare_wv3_tile64_nooverlap/fusion_mamba_420/test_hard,fusion_mamba,test_hard,420.ckpt,/home/zhy/PROJECT/RefRWKV/experiments/train/refsr/fusion_mamba/pancollection_wv3/x4/fusion_mamba_pancollection_wv3_official/checkpoints/420.ckpt,16,0,no-overlap tiles: LR tile=16 overlap=0 (PAN 64),20,"d_lambda,d_s,qnr",full FR,toolbox MATLAB imresize (paper-matching),,,,,,,,,,,0.01697069278,0.005334859415,0.02640490913,0.004763581516,0.9570946102,0.009608589247,/home/zhy/PROJECT/RefRWKV/experiments/test/refsr/compare_wv3_tile64_nooverlap/fusion_mamba_420/test_hard/metrics.json
compare_wv3_tile64_nooverlap/fusion_mamba_last/test,fusion_mamba,test,last.ckpt,/home/zhy/PROJECT/RefRWKV/experiments/train/refsr/fusion_mamba/pancollection_wv3/x4/fusion_mamba_pancollection_wv3_official/checkpoints/last.ckpt,16,0,no-overlap tiles: LR tile=16 overlap=0 (PAN 64),20,"psnr,q2n,sam_rad,sam_deg,ergas",full RR,n/a,38.95648003,2.894039044,,,0.9151961111,0.08246916711,2.866884416,0.5352656913,2.17086665,0.458883549,,,,,,,/home/zhy/PROJECT/RefRWKV/experiments/test/refsr/compare_wv3_tile64_nooverlap/fusion_mamba_last/test/metrics.json
compare_wv3_tile64_nooverlap/fusion_mamba_last/test_hard,fusion_mamba,test_hard,last.ckpt,/home/zhy/PROJECT/RefRWKV/experiments/train/refsr/fusion_mamba/pancollection_wv3/x4/fusion_mamba_pancollection_wv3_official/checkpoints/last.ckpt,16,0,no-overlap tiles: LR tile=16 overlap=0 (PAN 64),20,"d_lambda,d_s,qnr",full FR,toolbox MATLAB imresize (paper-matching),,,,,,,,,,,0.01974240746,0.004538216543,0.03446599381,0.003099553811,0.9464818768,0.006924093044,/home/zhy/PROJECT/RefRWKV/experiments/test/refsr/compare_wv3_tile64_nooverlap/fusion_mamba_last/test_hard/metrics.json
compare_wv3_tiled/fusion_mamba/test,fusion_mamba,test,last.ckpt,/home/zhy/PROJECT/RefRWKV/experiments/train/refsr/fusion_mamba/pancollection_wv3/x4/fusion_mamba_pancollection_wv3_official/checkpoints/last.ckpt,16,8,"RDM-style tiles: LR tile=16 overlap=8 (PAN 64, 49 tiles on 256)",20,"psnr,ssim",PSNR/SSIM only (not a paper-table row),n/a,39.33989944,,0.9757742047,,,,,,,,,,,,,,/home/zhy/PROJECT/RefRWKV/experiments/test/refsr/compare_wv3_tiled/fusion_mamba/test/metrics.json
fusion_mamba/pancollection_wv3/x4/fusion_mamba_pancollection_wv3_official/test,fusion_mamba,test,last.ckpt,/mnt/sda/home/zhangheyi/projects/RefRWKV/experiments/train/refsr/fusion_mamba/pancollection_wv3/x4/fusion_mamba_pancollection_wv3_official/checkpoints/last.ckpt,,,no explicit tile (runner default / full image),20,"psnr,ssim",PSNR/SSIM only (not a paper-table row),n/a,39.28898659,,0.9754913151,,,,,,,,,,,,,,/home/zhy/PROJECT/RefRWKV/experiments/test/refsr/fusion_mamba/pancollection_wv3/x4/fusion_mamba_pancollection_wv3_official/test/metrics.json
rdm_pan_ckpts/epoch0409/test,rdm_pan,test,epoch=0409-step=124230,/home/zhy/PROJECT/RefRWKV/experiments/train/refsr/rdm_pan/pancollection_wv3/x4/pancollection_wv3_rdm_pan_x4/checkpoints/epoch=0409-step=124230.ckpt,16,8,"RDM-style tiles: LR tile=16 overlap=8 (PAN 64, 49 tiles on 256)",20,"psnr,ssim,q2n,sam_rad,sam_deg,ergas",full RR,n/a,39.39875011,2.849859083,0.9761101544,0.007446439046,0.9193535513,0.08214568193,2.78301028,0.5267158478,2.058056718,0.4358716424,,,,,,,/home/zhy/PROJECT/RefRWKV/experiments/test/refsr/rdm_pan_ckpts/epoch0409/test/metrics.json
rdm_pan_ckpts/epoch0409/test_hard,rdm_pan,test_hard,epoch=0409-step=124230,/home/zhy/PROJECT/RefRWKV/experiments/train/refsr/rdm_pan/pancollection_wv3/x4/pancollection_wv3_rdm_pan_x4/checkpoints/epoch=0409-step=124230.ckpt,16,8,"RDM-style tiles: LR tile=16 overlap=8 (PAN 64, 49 tiles on 256)",20,"d_lambda,d_s,qnr",full FR,toolbox MATLAB imresize (paper-matching),,,,,,,,,,,0.02650774187,0.007520729541,0.039532125,0.003781064641,0.9350302254,0.0104144047,/home/zhy/PROJECT/RefRWKV/experiments/test/refsr/rdm_pan_ckpts/epoch0409/test_hard/metrics.json
rdm_pan_ckpts/epoch0419/test,rdm_pan,test,epoch=0419-step=127260,/home/zhy/PROJECT/RefRWKV/experiments/train/refsr/rdm_pan/pancollection_wv3/x4/pancollection_wv3_rdm_pan_x4/checkpoints/epoch=0419-step=127260.ckpt,16,8,"RDM-style tiles: LR tile=16 overlap=8 (PAN 64, 49 tiles on 256)",20,"psnr,ssim,q2n,sam_rad,sam_deg,ergas",full RR,n/a,39.39602871,2.850210462,0.9760741532,0.007483910003,0.9194654116,0.08170206635,2.781710953,0.5263878469,2.059061819,0.4357174592,,,,,,,/home/zhy/PROJECT/RefRWKV/experiments/test/refsr/rdm_pan_ckpts/epoch0419/test/metrics.json
rdm_pan_ckpts/epoch0419/test_hard,rdm_pan,test_hard,epoch=0419-step=127260,/home/zhy/PROJECT/RefRWKV/experiments/train/refsr/rdm_pan/pancollection_wv3/x4/pancollection_wv3_rdm_pan_x4/checkpoints/epoch=0419-step=127260.ckpt,16,8,"RDM-style tiles: LR tile=16 overlap=8 (PAN 64, 49 tiles on 256)",20,"d_lambda,d_s,qnr",full FR,toolbox MATLAB imresize (paper-matching),,,,,,,,,,,0.02451633358,0.006619325239,0.03805791188,0.00343223036,0.9383752037,0.009139596532,/home/zhy/PROJECT/RefRWKV/experiments/test/refsr/rdm_pan_ckpts/epoch0419/test_hard/metrics.json
rdm_pan_ckpts/epoch0439/test,rdm_pan,test,epoch=0439-step=133320,/home/zhy/PROJECT/RefRWKV/experiments/train/refsr/rdm_pan/pancollection_wv3/x4/pancollection_wv3_rdm_pan_x4/checkpoints/epoch=0439-step=133320.ckpt,16,8,"RDM-style tiles: LR tile=16 overlap=8 (PAN 64, 49 tiles on 256)",20,"psnr,ssim,q2n,sam_rad,sam_deg,ergas",full RR,n/a,39.39941807,2.849417603,0.9760343373,0.007459422457,0.9192865481,0.08203663094,2.78208164,0.5257181782,2.057970703,0.434623853,,,,,,,/home/zhy/PROJECT/RefRWKV/experiments/test/refsr/rdm_pan_ckpts/epoch0439/test/metrics.json
rdm_pan_ckpts/epoch0439/test_hard,rdm_pan,test_hard,epoch=0439-step=133320,/home/zhy/PROJECT/RefRWKV/experiments/train/refsr/rdm_pan/pancollection_wv3/x4/pancollection_wv3_rdm_pan_x4/checkpoints/epoch=0439-step=133320.ckpt,16,8,"RDM-style tiles: LR tile=16 overlap=8 (PAN 64, 49 tiles on 256)",20,"d_lambda,d_s,qnr",full FR,toolbox MATLAB imresize (paper-matching),,,,,,,,,,,0.02493063507,0.006391102784,0.03747129376,0.002940350286,0.9385454619,0.008470050797,/home/zhy/PROJECT/RefRWKV/experiments/test/refsr/rdm_pan_ckpts/epoch0439/test_hard/metrics.json
